,name,price,vendor,ram,rom,brand,model
0,Samsung Galaxy S20 FE 128GB 4,2.464.950,1,,128,Samsung,galaxy s20 fe 4
1,Samsung Galaxy S20 FE 256GB 4,2.699.950,1,,256,Samsung,galaxy s20 fe 4
2,iPhone SE 64GB 4,2.447.960,1,,64,iPhone,se 4
3,Nokia G10 64GB 4,708.900,1,,64,Nokia,g10 4
4,Xiaomi Redmi Note 10S 4,1.224.900,1,,,Xiaomi,note 10s 4
5,Samsung Galaxy A52 128GB 4,1.699.950,1,,128,Samsung,galaxy a52 4
6,Nokia G20 128GB 4,797.900,1,,128,Nokia,g20 4
7,Alcatel 1SE 32GB 4,399.900,1,,32,Alcatel,1se 4
8,ZTE Blade A31 Lite 4,249.900,1,,,ZTE,blade a31 lite 4
9,Oppo A16 64GB 4G con Obsequi,797.900,1,,64,Oppo,a16 4g
10,ZTE Blade A51 4G con Obsequi,479.900,1,,,ZTE,blade a51 4g
11,Samsung Galaxy A12 128GB 4G Dual Si,757.900,1,,128,Samsung,galaxy a12 4g dual si
12,Samsung Galaxy A32 4G Dual Si,1.220.950,1,,,Samsung,galaxy a32 4g dual si
13,Xiaomi Redmi 10 64GB 4,797.900,1,,64,Xiaomi,10 4
14,Motorola Edge 20 Pro 256GB 5G con Obsequi,3.857.900,1,,256,Motorola,edge 20 pro 5g
15,Honor 50 Lite 128GB 4,1.570.900,1,,128,Honor,50 lite 4
16,Vivo V21 128GB 4,1.963.900,1,,128,Vivo,v21 4
17,Motorola Moto G50 5,1.249.900,1,,,Motorola,g50 5
18,Samsung Galaxy A22 128GB 4G Dual Si,1.075.950,1,,128,Samsung,galaxy a22 4g dual si
19,Samsung Galaxy S20 FE 256GB 4G Dual Si,2.528.950,1,,256,Samsung,galaxy s20 fe 4g dual si
20,Oppo A16 64GB 4,797.900,1,,64,Oppo,a16 4
21,ZTE Blade A71 4,610.900,1,,,ZTE,blade a71 4
22,Samsung Galaxy A52s 128GB 5,2.031.950,1,,128,Samsung,galaxy a52s 5
23,Motorola Moto G20 128GB 4,795.900,1,,128,Motorola,g20 4
24,Realme C11 32GB 4,542.900,1,,32,Realme,c11 4
25,Samsung Galaxy A03s 64GB 4,666.900,1,,64,Samsung,galaxy a03s 4
26,Nokia X20 128GB 5,1.569.900,1,,128,Nokia,x20 5
27,Xiaomi Redmi 10 128GB 4,1.055.900,1,,128,Xiaomi,10 4
28,Motorola Moto G60S 4,1.700.900,1,,,Motorola,g60s 4
29,Huawei Y6P 4G con Obsequi,689.900,1,,,Huawei,y6p 4g
30,Samsung Galaxy Z Flip3 5,5.132.950,1,,,Samsung,galaxy z flip3 5
31,Vivo Y33 128GB 4,797.900,1,,128,Vivo,y33 4
32,Vivo Y53s 128GB 4,$1.549.900,1,,128,Vivo,y53s 4
33,Honor 50 128GB 5G con Obsequi,$2.576.900,1,,128,Honor,50 5g
34,Honor 50 256GB 5G con Obsequi,$3.083.900,1,,256,Honor,50 5g
35,Vivo Y20 64GB 4G con Obsequi,$686.900,1,,64,Vivo,y20 4g
36,Samsung Galaxy A21S 128GB 4G con Obsequi,$799.900,1,,128,Samsung,galaxy a21s 4g
37,ZTE Blade A51 4G con Obsequi,$429.900,1,,,ZTE,blade a51 4g
38,Vivo Y33s 128GB 4G con Obsequi,$1.437.900,1,,128,Vivo,y33s 4g
39,Honor 50 Lite 128GB 4G con Obsequi,$1.570.900,1,,128,Honor,50 lite 4g
40,Honor 50 Lite 128GB 4G con Obsequi,$1.570.900,1,,128,Honor,50 lite 4g
41,Oppo A16 64GB 4G con Obsequi,$797.900,1,,64,Oppo,a16 4g
42,Samsung Galaxy S20 FE 256GB 4G con Obsequ,$2.699.950,1,,256,Samsung,galaxy s20 fe 4g
43,Vivo V21 128GB 4G con Obsequi,$1.963.900,1,,128,Vivo,v21 4g
44,Samsung Galaxy A32 4G con Obsequi,$1.268.950,1,,,Samsung,galaxy a32 4g
45,Nokia C01 Plus 32GB 4G con Obsequi,$399.900,1,,32,Nokia,c01 plus 4g
46,Samsung Galaxy A03s 64GB 4G con Obsequi,$666.900,1,,64,Samsung,galaxy a03s 4g
47,Samsung Galaxy S21 FE 256GB 5G con Obsequ,$3.991.950,1,,256,Samsung,galaxy s21 fe 5g
48,Vivo Y33s 128GB 4,$1.437.900,1,,128,Vivo,y33s 4
49,Motorola Moto G20 128GB 4G con Obsequi,$795.900,1,,128,Motorola,g20 4g
50,Motorola Edge 20 Lite 128GB 4,$2.053.900,1,,128,Motorola,edge 20 lite 4
51,Motorola Moto G20 128GB 4G con Obsequi,$795.900,1,,128,Motorola,g20 4g
52,Vivo V21 128GB 4G con Obsequi,$1.963.900,1,,128,Vivo,v21 4g
53,Motorola Moto G100 4G con Obsequi,$2.417.900,1,,,Motorola,g100 4g
54,TCL 20E 128GB con Obsequi,$718.900,1,,128,,tcl 20e 
55,TCL 20E 64GB 4G con Obsequi,$639.900,1,,64,,tcl 20e 4g
56,Vivo Y53s 128GB 4G con Obsequi,$1.549.900,1,,128,Vivo,y53s 4g
57,TCL 20L 128GB 4G con Obsequi,$1.249.900,1,,128,,tcl 20l 4g
58,Oppo Reno 6 Lite 4,$1.824.900,1,,,Oppo,reno 6 lite 4
59,Samsung Galaxy A52s 128GB 5G Dual Si,$1.984.950,1,,128,Samsung,galaxy a52s 5g dual si
60,ZTE Blade V30 Vita 4,$781.900,1,,,ZTE,blade v30 vita 4
61,Vivo Y20s 128GB 4G con Obsequi,$760.900,1,,128,Vivo,y20s 4g
62,Nokia G50 128GB 5,$1.407.900,1,,128,Nokia,g50 5
63,Oppo Reno 6 Lite 4G con Obsequi,$1.824.900,1,,,Oppo,reno 6 lite 4g
64,iPhone 12 Mini 64GB 4,3.994.960,1,,64,iPhone,12 mini 4
65,iPhone 12 64GB 4,4.485.960,1,,64,iPhone,12 4
66,iPhone 12 128GB 4,4.816.960,1,,128,iPhone,12 4
67,Xiaomi Redmi 9 4,769.900,1,,,Xiaomi,9 4
68,Samsung Galaxy A21S 128GB 4,799.900,1,,128,Samsung,galaxy a21s 4
69,Realme 7i 128GB 4,779.900,1,,128,Realme,7i 4
70,Realme C15 128GB 4,696.900,1,,128,Realme,c15 4
71,Samsung Galaxy S21 Ultra 4,6.309.950,1,,,Samsung,galaxy s21 ultra 4
72,Samsung Galaxy S21 128GB 4,4.031.950,1,,128,Samsung,galaxy s21 4
73,iPhone 11 64GB 4,3.495.960,1,,64,iPhone,11 4
74,iPhone 11 128GB 4,3.664.960,1,,128,iPhone,11 4
75,TCL 20E 64GB 4,499.900,1,,64,,tcl 20e 4
76,Xiaomi Redmi Note 10 5,1.314.900,1,,,Xiaomi,note 10 5
77,Vivo Y20s 128GB 4,760.900,1,,128,Vivo,y20s 4
78,Samsung Galaxy A21S 128GB 4G Dual Si,799.900,1,,128,Samsung,galaxy a21s 4g dual si
79,TCL 20E 128GB con Obsequi,569.900,1,,128,,tcl 20e 
80,Samsung Galaxy M12 128GB 4G con Obsequi,789.900,1,,128,Samsung,galaxy m12 4g
81,Poco M3 4,999.900,1,,,,poco m3 4
82,Oppo A15 32GB 4,640.900,1,,32,Oppo,a15 4
83,Xiaomi Redmi Note 10 Pro 4,1.651.900,1,,,Xiaomi,note 10 pro 4
84,Oppo Reno 5 Lite 4,1.497.900,1,,,Oppo,reno 5 lite 4
85,Poco X3 Pro 128GB 4,1.315.900,1,,128,,poco x3 pro 4
86,Samsung Galaxy A32 4,1.268.950,1,,,Samsung,galaxy a32 4
87,Samsung Galaxy S21 256GB 4,4.279.950,1,,256,Samsung,galaxy s21 4
88,TCL 20L 128GB 4,1.249.900,1,,128,,tcl 20l 4
89,TCL 20L Plus 256GB 4G con Obsequi,1.299.900,1,,256,,tcl 20l plus 4g
90,Poco F3 256GB 4G con Obsequi,2.404.900,1,,256,,poco f3 4g
91,Samsung Galaxy S21 Plus 4,4.977.950,1,,,Samsung,galaxy s21 plus 4
92,Samsung Galaxy M32 4G con Obsequi,1.099.950,1,,,Samsung,galaxy m32 4g
93,Samsung Galaxy M32 4,1.099.950,1,,,Samsung,galaxy m32 4
94,Samsung Galaxy M12 64GB 4G con Obsequi,763.900,1,,64,Samsung,galaxy m12 4g
95,Samsung Galaxy A22 128GB 4,1.099.950,1,,128,Samsung,galaxy a22 4
96,TCL 20 Pro 256GB 5G con Obsequi,2.679.900,1,,256,,tcl 20 pro 5g
97,Xiaomi 11 Lite 5G N,2.207.900,1,,,Xiaomi,11 lite 5g n
98,Xiaomi 11 Lite 5G NE con Obsequi,2.207.900,1,,,Xiaomi,11 lite 5g ne
99,Samsung Galaxy S20 FE 128GB 4G Dual Si,2.294.950,1,,128,Samsung,galaxy s20 fe 4g dual si
100,Kodak D50L 32GB 4,279.900,1,,32,,kodak d50l 4
101,Xiaomi 11T 5,2.649.900,1,,,Xiaomi,11t 5
102,iPhone 13 128GB 5,5.145.960,1,,128,iPhone,13 5
103,iPhone 13 256GB 5,5.819.960,1,,256,iPhone,13 5
104,iPhone 13 Mini 128GB 5,4.673.960,1,,128,iPhone,13 mini 5
105,iPhone 13 Pro Max 128GB 5,7.314.960,1,,128,iPhone,13 pro max 5
106,iPhone 13 Pro Max 256GB 5,7.980.960,1,,256,iPhone,13 pro max 5
107,iPhone 13 Pro 128GB 5,6.654.960,1,,128,iPhone,13 pro 5
108,iPhone 13 Pro 256GB 5,7.321.960,1,,256,iPhone,13 pro 5
109,Samsung Galaxy S20 FE 128GB 4G con Obsequ,$2.464.950,1,,128,Samsung,galaxy s20 fe 4g
110,Samsung Galaxy M52 128GB 5,$1.599.950,1,,128,Samsung,galaxy m52 5
111,Vivo Y21s 128GB 4G con Obsequi,$1.303.900,1,,128,Vivo,y21s 4g
112,Kodak D55L 32GB 4G con Obsequi,$339.900,1,,32,,kodak d55l 4g
113,Kodak D55L 32GB 4G con Obsequi,$339.900,1,,32,,kodak d55l 4g
114,Kodak D60LX 32GB 4G con Obsequi,$424.900,1,,32,,kodak d60lx 4g
115,Kodak D60LX 32GB 4G con Obsequi,$424.900,1,,32,,kodak d60lx 4g
116,Realme C15 128GB 4G con Obsequi,$696.900,1,,128,Realme,c15 4g
117,Kodak D50L 32GB 4G con Obsequi,$279.900,1,,32,,kodak d50l 4g
118,Kodak D65LX 64GB 4G con Obsequi,$583.900,1,,64,,kodak d65lx 4g
119,Kodak D65LX 64GB 4G con Obsequi,$583.900,1,,64,,kodak d65lx 4g
120,Huawei P50 Pro 256GB 4G con Obsequi,$5.298.900,1,,256,Huawei,p50 pro 4g
121,Huawei Watch Kids 4 Pro 4G con Obsequi,$699.900,1,,,Huawei,watch kids 4 pro 4g
122,Xiaomi 11T Pro 5G con Obsequi,$2.981.900,1,,,Xiaomi,11t pro 5g
123,Xiaomi 11 Lite 5G NE con Obsequi,$2.207.900,1,,,Xiaomi,11 lite 5g ne
124,Vivo V21 128GB 4G con Obsequi,$1.963.900,1,,128,Vivo,v21 4g
125,Xiaomi 11T 5G con Obsequi,$2.649.900,1,,,Xiaomi,11t 5g
126,iPhone 12 Pro 128GB 4,5.299.960,1,,128,iPhone,12 pro 4
127,Xiaomi Redmi Note 9 Pro 4,1.447.900,1,,,Xiaomi,note 9 pro 4
128,Samsung Galaxy Note 20 Ultra 4,5.136.950,1,,,Samsung,galaxy note 20 ultra 4
129,iPhone 12 Pro 256GB 4,5.391.960,1,,256,iPhone,12 pro 4
130,Huawei Y6P 4,689.900,1,,,Huawei,y6p 4
131,Huawei Y9a 4,1.392.900,1,,,Huawei,y9a 4
132,iPhone 12 Pro Max 128GB 4,5.949.960,1,,128,iPhone,12 pro max 4
133,Motorola Moto G9 Plus 4,1.325.900,1,,,Motorola,g9 plus 4
134,iPhone SE 128GB 4,2.736.960,1,,128,iPhone,se 4
135,Huawei Y5P 4,430.900,1,,,Huawei,y5p 4
136,Motorola Moto G20 4,692.900,1,,,Motorola,g20 4
137,Honor 50 256GB 5,3.083.900,1,,256,Honor,50 5
138,Huawei Nova 8i 128GB 4,1.659.900,1,,128,Huawei,nova 8i 4
139,Motorola Moto E20 4,469.900,1,,,Motorola,e20 4
140,Motorola Moto G20 4G con Obsequi,$692.900,1,,,Motorola,g20 4g
141,Honor 50 128GB 5G con Obsequi,$2.576.900,1,,128,Honor,50 5g
142,Motorola Moto G20 4G con Obsequi,$692.900,1,,,Motorola,g20 4g
143,Honor 50 256GB 5G con Obsequi,$3.083.900,1,,256,Honor,50 5g
144,Huawei Nova 9 128GB 4,$2.474.900,1,,128,Huawei,nova 9 4
145,Honor 50 128GB 5,$2.576.900,1,,128,Honor,50 5
146,Huawei Y5P 4G con Obsequi,$430.900,1,,,Huawei,y5p 4g
147,Motorola Moto E40 4G con Obsequi,$644.900,1,,,Motorola,e40 4g
148,ZTE Blade L8 32GB 3,209.900,1,,32,ZTE,blade l8 3
149,Oppo A54 128GB 4G con Obsequi,$1.317.900,1,,128,Oppo,a54 4g
150,Samsung Galaxy A12 64GB 4,726.900,1,,64,Samsung,galaxy a12 4
151,Samsung Galaxy A12 128GB 4,797.900,1,,128,Samsung,galaxy a12 4
152,ZTE Blade L130 16GB 3,164.900,1,,16,ZTE,blade l130 3
153,Samsung Galaxy A12 64GB 4G Dual Si,706.900,1,,64,Samsung,galaxy a12 4g dual si
154,Samsung Galaxy A12 64GB 4G con Obsequi,$726.900,1,,64,Samsung,galaxy a12 4g
155,Nokia 110 4,$174.900,1,,,Nokia,110 4
156,Nokia 215 4,169.900,1,,,Nokia,215 4
157,Nokia 6300 4,244.900,1,,,Nokia,6300 4
158,Xiaomi Redmi 9A 4,459.900,1,,,Xiaomi,9a 4
159,Xiaomi Redmi 9C 4,657.900,1,,,Xiaomi,9c 4
160,IPHONE 13 PRO MAX 256GB,$6.399.901,3,,256,iPhone,13 pro max 
161,IPHONE 13 PRO MAX 128GB,$5.799.901,3,,128,iPhone,13 pro max 
162,IPHONE 13 PRO 128GB,$5.299.901,3,,128,iPhone,13 pro 
163,Samsung Galaxy ZFLIP3 8/256,$4.999.900,3,,,Samsung,galaxy zflip3 8256
164,IPHONE 13  256GB,$4.799.901,3,,256,iPhone,13 
165,Samsung Galaxy S21+,$4.299.900,3,,,Samsung,galaxy s21+
166,iPhone 12 128GB,$3.739.901,3,,128,iPhone,12 
167,Samsung S21FE 5G 256GB + buds2,$3.499.900,3,,256,Samsung,s21fe 5g + buds2
168,iPhone 12 64GB,$3.452.901,3,,64,iPhone,12 
169,Samsung Galaxy S20 FE 256GB DSIM,$2.699.900,3,,256,Samsung,galaxy s20 fe dsim
170,Samsung Galaxy S20 FE 128GB DSIM,$2.199.900,3,,128,Samsung,galaxy s20 fe dsim
171,XIAOMI 11 LITE 5G NE 6/128GB,$1.999.999,3,6,128,Xiaomi,11 lite 5g ne 
172,MOTO G100,$1.999.900,3,,,Motorola,g100
173,iPhone SE 64 GB,$1.979.901,3,,64,iPhone,se 
174,Samsung Galaxy A72 128GB,$1.799.900,3,,128,Samsung,galaxy a72 
175,Vivo V21 128GB,$1.799.900,3,,128,Vivo,v21 
176,Samsung A52S 5G 6GB/128GB,$1.699.900,3,6,128,Samsung,a52s 5g 
177,Oppo Reno 6 Lite,$1.699.900,3,,,Oppo,reno 6 lite
178,Samsung Galaxy A52,$1.399.900,3,,,Samsung,galaxy a52
179,Vivo Y53s + Banda,$1.259.900,3,,,Vivo,y53s + banda
180,MOTO G60S 6/128 GB,$1.199.900,3,6,128,Motorola,g0s 
181,VIVO Y33S 128GB/8GB,$1.129.900,3,8,128,Vivo,y33s 12
182,Samsung Galaxy A32,$1.099.900,3,,,Samsung,galaxy a32
183,Huawei Y9A 128GB,$1.049.900,3,,128,Huawei,y9a 
184,OPPO A54,$835.900,3,,,Oppo,a54
185,VIVO Y21S,$799.900,3,,,Vivo,y21s
186,Moto G30 128 GB,$779.900,3,,128,Motorola,g30 
187,Samsung Galaxy A21s,$699.900,3,,,Samsung,galaxy a21s
188,Vivo Y20S,$699.900,3,,,Vivo,y20s
189,vivo Y11s,$699.900,3,,,Vivo,y11s
190,MOTO G20 ED 4/128 GB,$679.900,3,4,128,Motorola,g20 ed 
191,Samsung Galaxy A12 128GB DSIM,$669.900,3,,128,Samsung,galaxy a12 dsim
192,HUAWEI NOVA Y60 4/64 GB,$650.900,3,4,64,Huawei,nova y60 6
193,Nokia G20 128GB,$629.900,3,,128,Nokia,g20 
194,Samsung Galaxy M12 128gb,$619.900,3,,128,Samsung,galaxy m12 
195,NOKIA C30,$599.900,3,,,Nokia,c30
196,VIVO Y20,$579.900,3,,,Vivo,y20
197,Samsung Galaxy A12 64GB,$569.900,3,,64,Samsung,galaxy a12 
198,Moto E40,$549.900,3,,,Motorola,e40
199,Samsung Galaxy A03S 64GB,$529.900,3,,64,Samsung,galaxy a03s 
200,Nokia G10 64GB,$529.900,3,,64,Nokia,g10 
201,Huawei Y6P con HMS,$499.900,3,,,Huawei,y6p
202,MOTO E20 2/32 GB,$429.900,3,2,32,Motorola,e0 3
203,ZTE Blade A51,$429.900,3,,,ZTE,blade a51
204,Xiaomi Redmi 9A,$399.900,3,,,Xiaomi,9a
205,MOTOROLA E6I 32GB,$349.900,3,,32,Motorola,e6i 
206,Huawei Y5P con HMS,$349.900,3,,,Huawei,y5p
207,Nokia 6300 4G,$159.900,3,,,Nokia,6300 4g
208,VIVO Y21S,$799.900,3,,,Vivo,y21s
209,Samsung Galaxy A03S 64GB,$529.900,3,,64,Samsung,galaxy a03s 
210,Nokia 1.4 32GB,$279.900,3,,32,Nokia,1.4 
211,Celular SAMSUNG Galaxy M12 128GB Azul,$619.900,4,,128,Samsung, galaxy m12 azul
212,Celular MOTOROLA G31 128GB Azul,$799.900,4,,128,Motorola, g31 azul
213,Celular XIAOMI REDMI 10 128GB Gris,$796,4,,128,Xiaomi,  10 gris
214,Celular SAMSUNG Galaxy A12 64GB Negro,$599.900,4,,64,Samsung, galaxy a12 negro
215,Celular XIAOMI REDMI 10 128GB Azul,$796,4,,128,Xiaomi, 10 azul
216,Celular MOTOROLA G20 128GB VERDE,$699.900,4,,128,Motorola, g20 verde
217,iPhone 11 128 GB Blanco,$2.909,4,,128,iPhone,11   blanco
218,Celular SAMSUNG Galaxy A12 64GB Azul,$599.900,4,,64,Samsung, galaxy a12 azul
219,Celular Xiaomi Redmi Note 10S 128GB Gris,$1.099.900,4,,128,Xiaomi, note 10s gris
220,Celular Xiaomi Redmi Note 10S 128GB Azul,$1.099.900,4,,128,Xiaomi, note 10s azul
221,Celular XIAOMI REDMI 9A 32GB  Verde - Peacock Green,$399.900,4,,32,Xiaomi, 9a verde - peacock green
222,Celular SAMSUNG Galaxy M12 128GB Negro,$619.900,4,,128,Samsung, galaxy m12 negro
223,iPhone 11 128 GB Morado,$2.909,4,,128,iPhone,11   morado
224,iPhone 11 128 GB Negro,$2.909,4,,128,iPhone,11   negro
225,Celular XIAOMI REDMI 9C 64GB Gris,$499.900,4,,64,Xiaomi, 9c gris
226,Celular MOTOROLA G20 128GB AZUL,$699.900,4,,128,Motorola, g20 azul
227,Celular SAMSUNG Galaxy A52 128GB Azul,$1.399.090,4,,128,Samsung, galaxy a52 azul
228,Celular SAMSUNG M32 128 GB Negro,$1.065.090,4,,128,Samsung, m32 negro
229,Celular XIAOMI REDMI 9A 32GB  Gris - Granite Gray,$399.900,4,,32,Xiaomi, 9a gris - granite gray
230,Celular MOTOROLA E20 32GB Gris,$469.900,4,,32,Motorola, e20 gris
231,iPhone 13 Pro Max 128GB Azul Sierra,$5.849,4,,128,iPhone,13 pro max azul sierra
232,Celular XIAOMI Redmi Note 10S 128GB Gris,$1.099.900,4,,128,Xiaomi, note 10s gris
233,Celular SAMSUNG Galaxy S20 FE 256GB Azul,$2.699,4,,256,Samsung, galaxy s20 fe azul
234,Celular SAMSUNG M32 128 GB Azul,$1.065.090,4,,128,Samsung, m32 azul
235,iPhone 11 64 GB Negro,$2.699,4,,64,iPhone,11   negro
236,iPhone 13 mini128 GB,$3.729.929,2,,128,iPhone,13 mini
237,iPhone 13 mini256 GB,$4.259.929,2,,256,iPhone,13 mini
238,iPhone 13 mini512 GB,$5.329.929,2,,512,iPhone,13 mini
239,iPhone 13128 GB,$4.265.929,2,,128,iPhone,13
240,iPhone 13256 GB,$4.799.929,2,,256,iPhone,13
241,iPhone 13512 GB,$5.855.929,2,,512,iPhone,13
242,iPhone 13 Pro128 GB,$5.339.929,2,,128,iPhone,13 pro
243,iPhone 13 Pro256 GB,$5.869.929,2,,256,iPhone,13 pro
244,iPhone 13 Pro512 GB,$6.939.929,2,,512,iPhone,13 pro
245,iPhone 13 Pro1 TB,$7.999.929,2,,1,iPhone,3 pro tb
246,iPhone 13 Pro Max128 GB,$5.866.929,2,,128,iPhone,13 pro max
247,iPhone 13 Pro Max256 GB,$6.399.929,2,,256,iPhone,13 pro max
248,iPhone 13 Pro Max512 GB,$7.465.929,2,,512,iPhone,13 pro max
249,iPhone 13 Pro Max1 TB,$8.529.929,2,,1,iPhone,3 pro max tb
250,iPhone XS64 GB,$2.999.929,2,,64,iPhone,xs
251,iPhone 11128 GB,$2.909.929,2,,128,iPhone,11
252,iPhone 11 Pro Max64 GB,$5.349.929,2,,64,iPhone,11 pro max
253,iPhone XS Max64 GB,$3.399.929,2,,64,iPhone,xs max
254,iPhone 11 Pro64 GB,$4.849.929,2,,64,iPhone,11 pro
255,iPhone 12 Mini64 GB,$3.159.929,2,,64,iPhone,12 mini
256,iPhone SE 2020128 GB,$2.349.929,2,,128,iPhone,se 2020
257,iPhone 12128 GB,$3.999.929,2,,128,iPhone,12
258,iPhone 12 Pro Max128 GB,$5.295.929,2,,128,iPhone,12 pro max
259,iPhone 1264 GB,$3.699.929,2,,264,iPhone,1
260,iPhone 12 Pro128 GB,$4.864.929,2,,128,iPhone,12 pro
261,iPhone 12 Mini128 GB,$3.459.929,2,,128,iPhone,12 mini
262,Moto E6 Play,$299.950,2,,,Motorola,e6 play
263,Moto G764 GB,$599.950,2,,64,Motorola,g7
264,Moto E2032 GB,$439.950,2,,32,Motorola,e20
265,Moto G20128 GB,$679.909,2,,128,Motorola,g20
266,Moto G60128 GB,$1.299.909,2,,128,Motorola,g60
267,Moto G60s128 GB,$1.099.909,2,,128,Motorola,g60s
268,Moto Edge 20 Lite128 GB,$1.599.909,2,,128,Motorola,edge 20 lite
269,Moto G8 Plus,$599.950,2,,,Motorola,g8 plus
270,Moto One Hyper,$797.909,2,,,Motorola,one hyper
271,Motorola E6 Plus64 GB,$499.950,2,,64,Motorola,e6 plus
272,Moto G9 play,$529.950,2,,,Motorola,g9 play
273,Motorola One Action,$782.909,2,,,Motorola,one action
274,Motorola One Macro,$479.950,2,,,Motorola,one macro
275,Moto G30128 GB,$729.909,2,,128,Motorola,g30
276,Moto One Fusion64 GB,$549.950,2,,64,Motorola,one fusion
277,Moto One Fusion128 GB,$649.909,2,,128,Motorola,one fusion
278,Motorola One Zoom128 GB,$1.299.909,2,,128,Motorola,one zoom
279,Moto E6S32 GB,$349.950,2,,32,Motorola,e6s
280,Moto E7 Plus,$419.950,2,,,Motorola,e7 plus
281,Moto E732 GB,$419.950,2,,32,Motorola,e7
282,Moto G100,$1.999.909,2,,,Motorola,g100
283,Motorola One Macro,$479.950,2,,,Motorola,one macro
284,Moto E7i Power,$399.950,2,,,Motorola,e7i power
285,Xiaomi 11T Pro256 GB,$2.699.889,2,,256,Xiaomi,11t pro
286,Xiaomi 11T128GB,$2.399.889,2,,128,Xiaomi,11t
287,Xiaomi Redmi 10128 GB,$796.889,2,,128,Xiaomi,10
288,Xiaomi 11 Lite 5G128 GB,$1.999.889,2,,128,Xiaomi,11 lite 5g
289,Xiaomi Redmi Note 9,$796.889,2,,,Xiaomi,note 9
290,Xiaomi MI 10T PRO,$2.699.889,2,,,Xiaomi,mi 10t pro
291,Xiaomi Redmi Note 8,$599.950,2,,,Xiaomi,note 8
292,Xiaomi Redmi Note 10 Pro,$1.599.889,2,,,Xiaomi,note 10 pro
293,Xiaomi Redmi Note 8128 GB,$649.889$752.889,2,,128,Xiaomi,note 8
294,Xiaomi Redmi 9C,$499.950,2,,,Xiaomi,9c
295,Xiaomi Redmi 9T,$769.889,2,,,Xiaomi,9t
296,Xiaomi Redmi Note 10S,$1.099.889,2,,,Xiaomi,note 10s
297,Xiaomi Redmi 9,$599.950,2,,,Xiaomi,9
298,Xiaomi Redmi 9A,$399.950,2,,,Xiaomi,9a
299,Xiaomi Redmi Note 10 5G,$1.099.889,2,,,Xiaomi,note 10 5g
300,Xiaomi MI 11 Lite,$1.999.889,2,,,Xiaomi,mi 11 lite
301,Xiaomi Redmi Note 8 2021,$699.889,2,,,Xiaomi,note 8 2021
302,SAMSUNG S21 FE 256GB,$3.499.900,2,,256,1,s21 fe 
303,Samsung Galaxy A0132 GB,$369.950,2,,32,1,galaxy a01
304,Samsung Galaxy A1264GB,$599.950,2,,264,1,galaxy a1
305,Samsung Galaxy S21128 GB,$3.599.899,2,,128,1,galaxy s21
306,Galaxy Zflip 3256 GB,$4.999.900,2,,256,,galaxy zflip 3
307,Galaxy ZFold 3256 GB,$7.999.900,2,,256,,galaxy zfold 3
308,Samsung Galaxy A31128 GB,$797.939,2,,128,1,galaxy a31
309,Samsung Galaxy A21s64 GB,$649.939,2,,64,1,galaxy a21s
310,Samsung Galaxy A21s128 GB,$729.939,2,,128,1,galaxy a21s
311,Samsung Galaxy A20s,$399.950,2,,,1,galaxy a20s
312,Samsung Galaxy A51,$1.149.939,2,,,1,galaxy a51
313,Samsung Galaxy A71,$1.529.939,2,,,1,galaxy a71
314,Samsung Galaxy A80,$1.649.950,2,,,1,galaxy a80
315,Samsung Note 10,$2.299.939,2,,,1,note 10
316,Samsung Note 10+,$2.199.939,2,,,1,note 10+
317,Samsung Galaxy A30s128GB,$782.939,2,,128,1,galaxy a30s
318,Samsung Galaxy A20,$419.950,2,,,1,galaxy a20
319,Samsung Galaxy A10s,$399.950,2,,,1,galaxy a10s
320,Samsung Galaxy A10,$379.950,2,,,1,galaxy a10
321,Samsung Note 10 Lite,$2.499.939,2,,,1,note 10 lite
322,Samsung S20 FE128 GB,$2.199.939$2.299.939,2,,128,1,s20 fe
323,Samsung Galaxy A01 Core,$299.950,2,,,1,galaxy a01 core
324,Samsung Galaxy S20+,$3.999.939,2,,,1,galaxy s20+
325,Samsung Galaxy S20,$3.999.939,2,,,1,galaxy s20
326,Samsung Galaxy S21256GB,$3.899.899,2,,256,1,galaxy s21
327,Samsung Galaxy S21+256GB,$3.999.899$4.299.899,2,,256,Samsung,galaxy s21+
328,Samsung Galaxy Note 20,$3.999.939,2,,,Samsung,galaxy note 20
329,Samsung Galaxy A52,$1.399.939,2,,,Samsung,galaxy a52
330,Samsung Galaxy A72,$1.799.939,2,,,Samsung,galaxy a72
331,Samsung Galaxy A22128GB,$797.939,2,,128,Samsung,galaxy a22
332,Samsung Galaxy A12128GB,$669.939,2,,128,Samsung,galaxy a12
333,Samsung Galaxy A0232GB,$379.950,2,,32,Samsung,galaxy a02
334,Samsung A02S64GB,$499.950,2,,64,Samsung,a02s
335,Samsung Galaxy S20 Ultra,$4.999.939,2,,,Samsung,galaxy s20 ultra
336,Samsung Galaxy A11,$499.950$529.950,2,,,Samsung,galaxy a11
337,Samsung Galaxy S21 Ultra 256GB,$5.499.899$6.149.899,2,,256,Samsung,galaxy s21 ultra 
338,Samsung Galaxy M12,$619.939,2,,,Samsung,galaxy m12
339,Samsung Note 20 Ultra,$4.999.939,2,,,Samsung,note 20 ultra
340,Samsung Galaxy S10+,$2.199.939,2,,,Samsung,galaxy s10+
341,Samsung Galaxy Z Flip,$4.499.900,2,,,Samsung,galaxy z flip
342,Samsung Galaxy A32,$1.099.939,2,,,Samsung,galaxy a32
343,Vivo Y21s,$835.879,2,,,Vivo,y21s
344,Vivo Y33S,$1.129.879,2,,,Vivo,y33s
345,Vivo Y51,$835.879,2,,,Vivo,y51
346,Vivo Y53s,$1.259.879,2,,,Vivo,y53s
347,Vivo Y20,$579.950,2,,,Vivo,y20
348,Vivo Y20S,$699.879,2,,,Vivo,y20s
349,Vivo Y11S,$529.950,2,,,Vivo,y11s
350,Vivo V21,$1.799.879,2,,,Vivo,v21
351,Huawei Nova 9128 GB,$2.199.919,2,,128,Huawei,nova 9
352,Huawei Nova Y6032 GB,$549.950,2,,32,Huawei,nova y60
353,Huawei Nova 8i128 GB,$1.299.919,2,,128,Huawei,nova 8i
354,Huawei P30 Lite,$1.099.919,2,,,Huawei,p30 lite
355,Huawei Y7 2019,$499.950,2,,,Huawei,y7 2019
356,Huawei Y9S,$1.299.919,2,,,Huawei,y9s
357,Huawei Y6 2019,$399.950,2,,,Huawei,y6 2019
358,Huawei P30,$1.999.919,2,,,Huawei,p30
359,Huawei Y5 2018,$279.950,2,,,Huawei,y5 2018
360,Huawei P40 Lite,$995.919,2,,,Huawei,p40 lite
361,Huawei Y8P,$579.950$709.919,2,,,Huawei,y8p
362,Huawei Y7P Arthur,$284.950$569.950,2,,,Huawei,y7p arthur
363,Huawei Y9A,$995.919,2,,,Huawei,y9a
364,Huawei P40 Pro,$3.299.919,2,,,Huawei,p40 pro
365,Huawei Y7A,$329.950$639.950,2,,,Huawei,y7a
366,Huawei Y5P,$319.950$359.950,2,,,Huawei,y5p
367,Huawei Y8S,$689.919,2,,,Huawei,y8s
368,Huawei Y6P,$459.950,2,,,Huawei,y6p
369,Nokia 2.3,$369.950,2,,,Nokia,2.3
370,Nokia 6.2,$699.950,2,,,Nokia,6.2
371,Nokia 3.1 Plus,$499.950,2,,,Nokia,3.1 plus
372,Nokia 1.3,$319.950,2,,,Nokia,1.3
373,Nokia 5.3,$599.950,2,,,Nokia,5.3
374,Nokia 2.4,$429.950,2,,,Nokia,2.4
375,Nokia 4.2,$449.950,2,,,Nokia,4.2
376,Nokia 5.4,$602.869$669.869,2,,,Nokia,5.4
377,Nokia C1 Plus,$241.950,2,,,Nokia,c1 plus
378,Nokia 3.4,$491.950,2,,,Nokia,3.4
379,Nokia 1.4,$359.950,2,,,Nokia,1.4
380,Nokia C3,$332.950,2,,,Nokia,c3
381,Nokia G20,$679.869,2,,,Nokia,g20
382,Nokia G10,$519.950,2,,,Nokia,g10
383,Nokia C01 Plus,$299.950,2,,,Nokia,c01 plus
384,Alcatel 116 GB,$199.950,2,,16,Alcatel,1
385,Alcatel 3 2019,$399.950,2,,,Alcatel,3 2019
386,Alcatel 1,$209.950,2,,,Alcatel,1
387,Alcatel 1S 2020,$399.950,2,,,Alcatel,1s 2020
388,Alcatel 1B,$269.950,2,,,Alcatel,1b
389,Alcatel 1B32 GB,$269.950,2,,32,Alcatel,1b
390,Alcatel 1L+32 GB,$359.950,2,,32,Alcatel,1l+
391,TCL 20E128 GB,$549.950,2,,128,,tcl 20e
392,TCL 20SE128 GB,$709.849,2,,128,,tcl 20se
393,Realme 7i,$538.950$769.859,2,,,Realme,7i
394,OPPO A16,$699.839,2,,,Oppo,a16
395,OPPO RENO 6 LITE,$1.699.839,2,,,Oppo,reno 6 lite
396,Oppo A54,$769.839,2,,,Oppo,a54
